来源DBC,10进制CAN ID,16进制CAN ID,报文名称,信号代码(Signal Code),信号官方释义(Official Description),信号释义(中文总结),信号获取规则(Acquisition Rule)
tesla_model3_party,264,0x108,DI_torque,DI_axleSpeed,,"半轴转速(RPM), -32768=SNA","40|16@1- (0.1,0.0) [-2750|2750] ""RPM"" epas3s"
tesla_model3_party,264,0x108,DI_torque,DI_torqueActual,,"电机实际输出扭矩(Nm), -4096=SNA","27|13@1- (2,0) [-7500|7500] ""Nm"" X"
tesla_model3_party,264,0x108,DI_torque,DI_torqueCommand,,"电机扭矩指令值(Nm), -4096=SNA","12|13@1- (2,0) [-7500|7500] ""Nm"" X"
tesla_model3_party,264,0x108,DI_torque,DI_torqueCounter,,DI_torque 滚动计数器,"8|4@1+ (1,0) [0|15] """" epas3s"
tesla_model3_party,264,0x108,DI_torque,DI_torqueChecksum,,DI_torque 校验和,"0|8@1+ (1,0) [0|255] """" epas3s"
tesla_model3_party,280,0x118,DI_systemStatus,DI_trackModeState,,"赛道模式: 0=不可用, 1=可用, 2=开启","48|2@1+ (1,0) [0|2] """" X"
tesla_model3_party,280,0x118,DI_systemStatus,DI_keepAliveRequest,,"保持唤醒请求: 0=无, 1=保持唤醒","47|1@1+ (1,0) [0|1] """" X"
tesla_model3_party,280,0x118,DI_systemStatus,DI_proximity,,接近传感器信号,"46|1@1+ (1,0) [0|1] """" X"
tesla_model3_party,280,0x118,DI_systemStatus,DI_epbRequest,,"电子驻车制动请求: 0=无请求, 1=驻车, 2=释放","44|2@1+ (1,0) [0|2] """" X"
tesla_model3_party,280,0x118,DI_systemStatus,DI_tractionControlMode,,"牵引力控制模式: 0=正常, 1=防滑起步, 2=开发模式1, 3=开发模式2, 4=圆环模式, 5=马力机模式","40|3@1+ (1,0) [0|5] """" X"
tesla_model3_party,280,0x118,DI_systemStatus,DI_accelPedalPos,,"加速踏板踩下百分比, 255=SNA","32|8@1+ (0.4,0) [0|100] ""%"" X"
tesla_model3_party,280,0x118,DI_systemStatus,DI_immobilizerState,,防盗锁止系统状态,"27|3@1+ (1,0) [0|6] """" X"
tesla_model3_party,280,0x118,DI_systemStatus,DI_regenLight,,"动能回收指示灯: 0=关, 1=亮(回收中)","26|1@1+ (1,0) [0|1] """" X"
tesla_model3_party,280,0x118,DI_systemStatus,DI_gear,,"档位: 0=无效, 1=P驻车, 2=R倒车, 3=N空档, 4=D前进, 7=SNA","21|3@1+ (1,0) [0|7] """" park"
tesla_model3_party,280,0x118,DI_systemStatus,DI_brakePedalState,,"制动踏板状态: 0=松开, 1=踩下, 2=无效","19|2@1+ (1,0) [0|2] """" X"
tesla_model3_party,280,0x118,DI_systemStatus,DI_systemState,,"驱动系统状态: 0=不可用, 1=空闲, 2=待机, 3=故障, 4=中止, 5=使能","16|3@1+ (1,0) [0|5] """" X"
tesla_model3_party,280,0x118,DI_systemStatus,DI_systemStatusCounter,,DI_systemStatus 滚动计数器(byte 1 nibble),"8|4@1+ (1,0) [0|15] """" X"
tesla_model3_party,280,0x118,DI_systemStatus,DI_systemStatusChecksum,,DI_systemStatus 校验和(byte 0),"0|8@1+ (1,0) [0|255] """" X"
tesla_model3_party,297,0x129,SCCM_steeringAngleSensor,SCCM_steeringAngleSensorReservd3,,SCCM_保留位,"56|8@1+ (1,0) [0|255] """" X"
tesla_model3_party,297,0x129,SCCM_steeringAngleSensor,SCCM_steeringAngleSensorReservd2,,SCCM_保留位,"48|8@1+ (1,0) [0|255] """" X"
tesla_model3_party,297,0x129,SCCM_steeringAngleSensor,SCCM_steeringAngleSensorReservd1,,SCCM_保留位,"46|2@1+ (1,0) [0|3] """" X"
tesla_model3_party,297,0x129,SCCM_steeringAngleSensor,SCCM_steeringAngleSpeed,,"方向盘转角速度(度/秒), -4096~4095.5","32|14@1+ (0.5,-4096) [-4096|4095.5] ""deg/s"" park"
tesla_model3_party,297,0x129,SCCM_steeringAngleSensor,SCCM_steeringAngleValidity,,"转角有效性: 0=无效, 1=有效, 2=初始化, 3=SNA","30|2@1+ (1,0) [0|3] """" park"
tesla_model3_party,297,0x129,SCCM_steeringAngleSensor,SCCM_steeringAngle,,"方向盘转角(度), -819.2~819, 分辨率为0.1度","16|14@1+ (0.1,-819.2) [-819.2|819] ""deg"" epas3s"
tesla_model3_party,297,0x129,SCCM_steeringAngleSensor,SCCM_steeringAngleSensorStatus,,"转角传感器状态: 0=OK, 1=初始化, 2=错误, 3=初始化错误","14|2@1+ (1,0) [0|3] """" epas3s"
tesla_model3_party,297,0x129,SCCM_steeringAngleSensor,SCCM_supplierID,,转角传感器供应商ID,"12|2@1+ (1,0) [0|3] """" park"
tesla_model3_party,297,0x129,SCCM_steeringAngleSensor,SCCM_steeringAngleCounter,,方向盘转角计数器(byte 1 nibble),"8|4@1+ (1,0) [0|15] """" epas3s"
tesla_model3_party,297,0x129,SCCM_steeringAngleSensor,SCCM_steeringAngleCrc,,方向盘转角CRC校验(byte 0),"0|8@1+ (1,0) [0|255] """" epas3s"
tesla_model3_party,325,0x145,ESP_status,ESP_absBrakeEvent2,,ABS制动事件2,"22|2@1+ (1,0) [0|0] """" X"
tesla_model3_party,325,0x145,ESP_status,ESP_absFaultLamp,,"ABS故障灯: 0=灭, 1=亮","17|1@1+ (1,0) [0|0] """" X"
tesla_model3_party,325,0x145,ESP_status,ESP_brakeApply,,"制动激活: 0=未激活, 1=激活","31|1@1+ (1,0) [0|0] """" X"
tesla_model3_party,325,0x145,ESP_status,ESP_brakeDiscWipingActive,,"制动盘自动擦拭(雨天): 0=未激活, 1=激活","28|1@1+ (1,0) [0|0] """" X"
tesla_model3_party,325,0x145,ESP_status,ESP_brakeLamp,,"制动灯: 0=灭, 1=亮","21|1@1+ (1,0) [0|0] """" X"
tesla_model3_party,325,0x145,ESP_status,ESP_brakeTorqueTarget,,"制动扭矩目标(Nm), 8191=SNA","51|13@1+ (2,0) [0|0] ""Nm"" X"
tesla_model3_party,325,0x145,ESP_status,ESP_btcTargetState,,BTC目标状态,"38|2@1+ (1,0) [0|0] """" X"
tesla_model3_party,325,0x145,ESP_status,ESP_cdpStatus,,CDP(刹车盘清洁)状态,"34|2@1+ (1,0) [0|0] """" X"
tesla_model3_party,325,0x145,ESP_status,ESP_driverBrakeApply,,"驾驶员制动: 0=未初始化, 1=未制动, 2=制动中, 3=故障","29|2@1+ (1,0) [0|0] """" X"
tesla_model3_party,325,0x145,ESP_status,ESP_ebdFaultLamp,,"EBD故障灯: 0=灭, 1=亮","16|1@1+ (1,0) [0|0] """" X"
tesla_model3_party,325,0x145,ESP_status,ESP_ebrStandstillSkid,,EBR静止打滑检测,"48|1@1+ (1,0) [0|0] """" X"
tesla_model3_party,325,0x145,ESP_status,ESP_ebrStatus,,EBR(电子制动力分配)状态,"49|2@1+ (1,0) [0|0] """" X"
tesla_model3_party,325,0x145,ESP_status,ESP_espFaultLamp,,"ESP故障灯: 0=灭, 1=亮","18|1@1+ (1,0) [0|0] """" X"
tesla_model3_party,325,0x145,ESP_status,ESP_espLampFlash,,"ESP灯闪烁: 0=灭, 1=闪","20|1@1+ (1,0) [0|0] """" X"
tesla_model3_party,325,0x145,ESP_status,ESP_espModeActive,,"ESP模式激活: 0=正常, 1~3=其他模式","12|2@1+ (1,0) [0|0] """" X"
tesla_model3_party,325,0x145,ESP_status,ESP_hydraulicBoostEnabled,,液压制动助力启用,"19|1@1+ (1,0) [0|0] """" X"
tesla_model3_party,325,0x145,ESP_status,ESP_lateralAccelQF,,"横向加速度质量: 0=不准, 1=准确","25|1@1+ (1,0) [0|0] """" X"
tesla_model3_party,325,0x145,ESP_status,ESP_longitudinalAccelQF,,"纵向加速度质量: 0=不准, 1=准确","24|1@1+ (1,0) [0|0] """" X"
tesla_model3_party,325,0x145,ESP_status,ESP_ptcTargetState,,PTC目标状态,"36|2@1+ (1,0) [0|0] """" X"
tesla_model3_party,325,0x145,ESP_status,ESP_stabilityControlSts2,,"稳定性控制状态: 0=初始化, 1=开, 2=介入, 3=故障","14|2@1+ (1,0) [0|0] """" X"
tesla_model3_party,325,0x145,ESP_status,ESP_statusChecksum,,ESP_status 校验和,"0|8@1+ (1,0) [0|0] """" X"
tesla_model3_party,325,0x145,ESP_status,ESP_statusCounter,,ESP_status 滚动计数器,"8|4@1+ (1,0) [0|0] """" X"
tesla_model3_party,325,0x145,ESP_status,ESP_steeringAngleQF,,"转向角质量: 0=不准, 1=准确","27|1@1+ (1,0) [0|0] """" X"
tesla_model3_party,325,0x145,ESP_status,ESP_yawRateQF,,"横摆角速度质量: 0=不准, 1=准确","26|1@1+ (1,0) [0|0] """" X"
tesla_model3_party,341,0x155,ESP_B,ESP_wheelRotationChecksum,,ESP_校验和,"56|8@1+ (1,0) [0|255] """" app"
tesla_model3_party,341,0x155,ESP_B,ESP_wheelRotationCounter,,ESP_滚动计数器,"52|4@1+ (1,0) [0|15] """" app"
tesla_model3_party,341,0x155,ESP_B,ESP_vehicleSpeed,,"ESP估算车速(km/h), 0~511, 1023=SNA","42|10@1+ (0.5,0) [0|511] ""kph"" app"
tesla_model3_party,341,0x155,ESP_B,ESP_vehicleStandstillSts,,"ESP车辆静止标志: 0=非静止, 1=静止","41|1@1+ (1,0) [0|1] """" park"
tesla_model3_party,341,0x155,ESP_B,ESP_wheelSpeedsQF,,"轮速信号质量: 0=至少一轮无效, 1=全部有效","40|1@1+ (1,0) [0|1] """" epas3s"
tesla_model3_party,341,0x155,ESP_B,ESP_WheelRotationFrL,,"左前轮旋转方向: 0=正转, 1=反转, 2=静止, 3=不确定","38|2@1+ (1,0) [0|3] """" aps"
tesla_model3_party,341,0x155,ESP_B,ESP_WheelRotationFrR,,右前轮旋转方向,"36|2@1+ (1,0) [0|3] """" aps"
tesla_model3_party,341,0x155,ESP_B,ESP_WheelRotationReL,,左后轮旋转方向,"34|2@1+ (1,0) [0|3] """" aps"
tesla_model3_party,341,0x155,ESP_B,ESP_WheelRotationReR,,右后轮旋转方向,"32|2@1+ (1,0) [0|3] """" aps"
tesla_model3_party,341,0x155,ESP_B,ESP_wheelPulseCountReR,,右后轮脉冲计数(0-254),"24|8@1+ (1,0) [0|254] ""1"" das"
tesla_model3_party,341,0x155,ESP_B,ESP_wheelPulseCountReL,,左后轮脉冲计数(0-254),"16|8@1+ (1,0) [0|254] ""1"" das"
tesla_model3_party,341,0x155,ESP_B,ESP_wheelPulseCountFrR,,右前轮脉冲计数(0-254),"8|8@1+ (1,0) [0|254] ""1"" app"
tesla_model3_party,341,0x155,ESP_B,ESP_wheelPulseCountFrL,,左前轮脉冲计数(0-254),"0|8@1+ (1,0) [0|254] ""1"" app"
tesla_model3_party,373,0x175,ESP_wheelSpeeds,ESP_wheelSpeedsChecksum,,ESP轮速校验和,"56|8@1+ (1,0) [0|255] """" das"
tesla_model3_party,373,0x175,ESP_wheelSpeeds,ESP_wheelSpeedsCounter,,ESP轮速滚动计数器,"52|4@1+ (1,0) [0|15] """" das"
tesla_model3_party,373,0x175,ESP_wheelSpeeds,ESP_wheelSpeedReR,,右后轮速(km/h),"39|13@1+ (0.04,0) [0|327.64] ""km/h"" das"
tesla_model3_party,373,0x175,ESP_wheelSpeeds,ESP_wheelSpeedReL,,左后轮速(km/h),"26|13@1+ (0.04,0) [0|327.64] ""km/h"" das"
tesla_model3_party,373,0x175,ESP_wheelSpeeds,ESP_wheelSpeedFrR,,右前轮速(km/h),"13|13@1+ (0.04,0) [0|327.64] ""km/h"" das"
tesla_model3_party,373,0x175,ESP_wheelSpeeds,ESP_wheelSpeedFrL,,左前轮速(km/h),"0|13@1+ (0.04,0) [0|327.64] ""km/h"" das"
tesla_model3_party,545,0x221,VCFRONT_LVPowerState,VCFRONT_LVPowerStateChecksum,,VCFRONT低压电源校验和,"56|8@1+ (1,0) [0|255] """" ibst"
tesla_model3_party,545,0x221,VCFRONT_LVPowerState,VCFRONT_LVPowerStateCounter,,VCFRONT低压电源计数器,"52|4@1+ (1,0) [0|15] """" ibst"
tesla_model3_party,545,0x221,VCFRONT_LVPowerState,VCFRONT_uiAudioLVState,,VCFRONT_低压电源状态,"50|2@1+ (1,0) [0|3] """" X"
tesla_model3_party,545,0x221,VCFRONT_LVPowerState,VCFRONT_uiHiCurrentLVState,,VCFRONT_低压电源状态,"48|2@1+ (1,0) [0|3] """" X"
tesla_model3_party,545,0x221,VCFRONT_LVPowerState,VCFRONT_vcrightHiCurrentLVState,,VCFRONT_低压电源状态,"46|2@1+ (1,0) [0|3] """" X"
tesla_model3_party,545,0x221,VCFRONT_LVPowerState,VCFRONT_vcleftHiCurrentLVState,,VCFRONT_低压电源状态,"44|2@1+ (1,0) [0|3] """" X"
tesla_model3_party,545,0x221,VCFRONT_LVPowerState,VCFRONT_ocsLVRequest,,VCFRONT_低压电源状态,"42|2@1+ (1,0) [0|3] """" X"
tesla_model3_party,545,0x221,VCFRONT_LVPowerState,VCFRONT_oilPumpRearLVRequest,,VCFRONT_低压电源状态,"40|2@1+ (1,0) [0|3] """" X"
tesla_model3_party,545,0x221,VCFRONT_LVPowerState,VCFRONT_oilPumpFrontLVState,,VCFRONT_低压电源状态,"38|2@1+ (1,0) [0|3] """" X"
tesla_model3_party,545,0x221,VCFRONT_LVPowerState,VCFRONT_disLVState,,VCFRONT_低压电源状态,"36|2@1+ (1,0) [0|3] """" X"
tesla_model3_party,545,0x221,VCFRONT_LVPowerState,VCFRONT_diLVRequest,,VCFRONT_低压电源状态,"34|2@1+ (1,0) [0|3] """" X"
tesla_model3_party,545,0x221,VCFRONT_LVPowerState,VCFRONT_das2HighCurrentLVState,,VCFRONT_低压电源状态,"32|2@1+ (1,0) [0|3] """" das"
tesla_model3_party,545,0x221,VCFRONT_LVPowerState,VCFRONT_das1HighCurrentLVState,,VCFRONT_低压电源状态,"30|2@1+ (1,0) [0|3] """" das"
tesla_model3_party,545,0x221,VCFRONT_LVPowerState,VCFRONT_amplifierLVRequest,,VCFRONT_低压电源状态,"28|2@1+ (1,0) [0|3] """" X"
tesla_model3_party,545,0x221,VCFRONT_LVPowerState,VCFRONT_tunerLVRequest,,VCFRONT_低压电源状态,"26|2@1+ (1,0) [0|3] """" X"
tesla_model3_party,545,0x221,VCFRONT_LVPowerState,VCFRONT_iBoosterLVState,,VCFRONT_低压电源状态,"24|2@1+ (1,0) [0|3] """" ibst"
tesla_model3_party,545,0x221,VCFRONT_LVPowerState,VCFRONT_rcmLVRequest,,VCFRONT_低压电源状态,"22|2@1+ (1,0) [0|3] """" rcm"
tesla_model3_party,545,0x221,VCFRONT_LVPowerState,VCFRONT_tpmsLVRequest,,VCFRONT_低压电源状态,"20|2@1+ (1,0) [0|3] """" tpms"
tesla_model3_party,545,0x221,VCFRONT_LVPowerState,VCFRONT_sccmLVRequest,,VCFRONT_低压电源状态,"18|2@1+ (1,0) [0|3] """" X"
tesla_model3_party,545,0x221,VCFRONT_LVPowerState,VCFRONT_pcsLVState,,VCFRONT_低压电源状态,"16|2@1+ (1,0) [0|3] """" X"
tesla_model3_party,545,0x221,VCFRONT_LVPowerState,VCFRONT_ptcLVRequest,,VCFRONT_低压电源状态,"16|2@1+ (1,0) [0|3] """" X"
tesla_model3_party,545,0x221,VCFRONT_LVPowerState,VCFRONT_hvacCompLVState,,VCFRONT_低压电源状态,"14|2@1+ (1,0) [0|3] """" X"
tesla_model3_party,545,0x221,VCFRONT_LVPowerState,VCFRONT_tasLVState,,VCFRONT_低压电源状态,"14|2@1+ (1,0) [0|3] """" X"
tesla_model3_party,545,0x221,VCFRONT_LVPowerState,VCFRONT_hvcLVRequest,,VCFRONT_低压电源状态,"12|2@1+ (1,0) [0|3] """" X"
tesla_model3_party,545,0x221,VCFRONT_LVPowerState,VCFRONT_radcLVState,,VCFRONT_低压电源状态,"12|2@1+ (1,0) [0|3] """" X"
tesla_model3_party,545,0x221,VCFRONT_LVPowerState,VCFRONT_epasLVState,,VCFRONT_低压电源状态,"10|2@1+ (1,0) [0|3] """" epas3s"
tesla_model3_party,545,0x221,VCFRONT_LVPowerState,VCFRONT_espLVState,,VCFRONT_低压电源状态,"10|2@1+ (1,0) [0|3] """" ibst"
tesla_model3_party,545,0x221,VCFRONT_LVPowerState,VCFRONT_parkLVState,,VCFRONT_低压电源状态,"8|2@1+ (1,0) [0|3] """" X"
tesla_model3_party,545,0x221,VCFRONT_LVPowerState,VCFRONT_cpLVRequest,,VCFRONT_低压电源状态,"8|2@1+ (1,0) [0|3] """" X"
tesla_model3_party,545,0x221,VCFRONT_LVPowerState,VCFRONT_vehiclePowerState,,"车辆低压电源模式: 0=关, 1=空调, 2=附件, 3=行驶","5|2@1+ (1,0) [0|3] """" park"
tesla_model3_party,545,0x221,VCFRONT_LVPowerState,VCFRONT_LVPowerStateIndex,,"低压电源状态MUX: 0=Mux0, 1=Mux1","0|5@1+ (1,0) [0|1] """" epas3s"
tesla_model3_party,585,0x249,SCCM_leftStalk,SCCM_leftStalkReserved1,,SCCM_保留位,"19|5@1+ (1,0) [0|31] """" X"
tesla_model3_party,585,0x249,SCCM_leftStalk,SCCM_turnIndicatorStalkStatus,,"转向灯拨杆位置: 0=空闲, 1=上1档, 2=上2档, 3=下1档, 4=下2档, 5=SNA","16|3@1+ (1,0) [0|5] """" park"
tesla_model3_party,585,0x249,SCCM_leftStalk,SCCM_washWipeButtonStatus,,"雨刮清洗按钮: 0=未按, 1=1档, 2=2档","14|2@1+ (1,0) [0|3] """" X"
tesla_model3_party,585,0x249,SCCM_leftStalk,SCCM_highBeamStalkStatus,,"远光灯拨杆: 0=空闲, 1=拉(闪), 2=推(常开)","12|2@1+ (1,0) [0|3] """" X"
tesla_model3_party,585,0x249,SCCM_leftStalk,SCCM_leftStalkCounter,,左拨杆计数器(byte 1 nibble),"8|4@1+ (1,0) [0|15] """" X"
tesla_model3_party,585,0x249,SCCM_leftStalk,SCCM_leftStalkCrc,,左拨杆CRC校验(byte 0),"0|8@1+ (1,0) [0|255] """" X"
tesla_model3_party,599,0x257,DI_speed,DI_uiSpeedUnits,,"速度单位: 0=mph, 1=km/h","32|1@1+ (1,0) [0|1] """" das"
tesla_model3_party,599,0x257,DI_speed,DI_uiSpeed,,"仪表显示速度值, 255=SNA","24|8@1+ (1,0) [0|254] """" das"
tesla_model3_party,599,0x257,DI_speed,DI_vehicleSpeed,,"车辆速度(km/h), 范围-40~285, 4095=SNA","12|12@1+ (0.08,-40) [-40|285] ""kph"" park"
tesla_model3_party,599,0x257,DI_speed,DI_speedCounter,,DI_speed 滚动计数器,"8|4@1+ (1,0) [0|15] """" park"
tesla_model3_party,599,0x257,DI_speed,DI_speedChecksum,,DI_speed 校验和,"0|8@1+ (1,0) [0|255] """" park"
tesla_model3_party,605,0x25D,DAS_road,DAS_stopLineDist,,"停车线距离(m), 0~127.5m","16|8@1+ (0.5,0) [0|127.5] ""m"" XXX"
tesla_model3_party,605,0x25D,DAS_road,DAS_trafficLightColor,,"交通灯颜色: 0=无, 1=红, 2=绿, 3=黄","26|3@0+ (1,0) [0|7] """" XXX"
tesla_model3_party,637,0x27D,APS_eacMonitor,APS_eacAllow,,"EAC允许/禁止: 0=禁止, 1=允许, 2=保留, 3=SNA","0|2@1+ (1,0) [0|0] """" X"
tesla_model3_party,637,0x27D,APS_eacMonitor,APS_eacMonitorChecksum,,APS_eacMonitor 校验和,"16|8@1+ (1,0) [0|0] """" X"
tesla_model3_party,637,0x27D,APS_eacMonitor,APS_eacMonitorCounter,,APS_eacMonitor 计数器,"8|4@1+ (1,0) [0|0] """" X"
tesla_model3_party,646,0x286,DI_state,DI_summonInPanic,,召唤模式紧急停止标志,"48|1@1+ (1,0) [0|0] """" X"
tesla_model3_party,646,0x286,DI_state,DI_rollPreventionState,,防溜车(坡道辅助)状态,"45|3@1+ (1,0) [0|0] """" X"
tesla_model3_party,646,0x286,DI_state,DI_vehicleHoldState,,车辆保持(Hill Hold)状态,"42|3@1+ (1,0) [0|0] """" X"
tesla_model3_party,646,0x286,DI_state,DI_pmmStatus,,"PMM(感知管理)状态: 0=未激活, 1=激活, 2=日志激活","40|2@1+ (1,0) [0|0] """" X"
tesla_model3_party,646,0x286,DI_state,DI_aebState,,"自动紧急制动状态: 0=不可用, 1=待机, 2=启用, 3=静止, 4=故障","37|3@1+ (1,0) [0|0] """" X"
tesla_model3_party,646,0x286,DI_state,DI_autopilotRequest,,"自动驾驶激活请求: 0=空闲, 1=激活","36|1@1+ (1,0) [0|0] """" X"
tesla_model3_party,646,0x286,DI_state,DI_parkBrakeState,,"驻车制动状态: 0=不可用, 1=释放, 2=请求中, 3=已施加, 4=故障","32|4@1+ (1,0) [0|0] """" X"
tesla_model3_party,646,0x286,DI_state,DI_autoparkState,,自动泊车状态: 0=不可用~15=SNA,"25|4@1+ (1,0) [0|0] """" X"
tesla_model3_party,646,0x286,DI_state,DI_speedUnits,,DI_,"24|1@1+ (1,0) [0|0] """" X"
tesla_model3_party,646,0x286,DI_state,DI_digitalSpeed,,数字速度显示值(speed单位),"15|9@1+ (0.5,0) [0|0] ""speed"" X"
tesla_model3_party,646,0x286,DI_state,DI_cruiseState,,"巡航控制状态: 0=不可用, 1=待机, 2=启用, 3=静止, 4=超控, 5=故障, 6=预故障, 7=预取消","12|3@1+ (1,0) [0|0] """" X"
tesla_model3_party,646,0x286,DI_state,DI_locStatusCounter,,DI_state 滚动计数器,"8|4@1+ (1,0) [0|0] """" X"
tesla_model3_party,646,0x286,DI_state,DI_locStatusChecksum,,DI_state 校验和,"0|8@1+ (1,0) [0|0] """" X"
tesla_model3_party,659,0x293,DAS_settings,DAS_driverSteeringWeight,,"方向盘转向力度: 0=轻, 1=标准, 2=重","1|2@0+ (1,0) [0|255] """" XXX"
tesla_model3_party,659,0x293,DAS_settings,DAS_slipStart,,防滑起步辅助,"2|1@0+ (1,0) [0|1] """" XXX"
tesla_model3_party,659,0x293,DAS_settings,DAS_offRoadAssist,,"越野辅助: 0=禁用, 3=启用","3|2@1+ (1,0) [0|63] """" XXX"
tesla_model3_party,659,0x293,DAS_settings,DAS_distanceUnits,,"距离单位: 0=公里, 1=英里","13|1@1+ (1,0) [0|255] """" XXX"
tesla_model3_party,659,0x293,DAS_settings,DAS_aebEnabled,,自动紧急制动启用,"18|1@0+ (1,0) [0|255] """" XXX"
tesla_model3_party,659,0x293,DAS_settings,DAS_adaptiveHeadlights,,自适应大灯,"22|1@1+ (1,0) [0|31] """" XXX"
tesla_model3_party,659,0x293,DAS_settings,DAS_autosteerEnabled2,,DAS_,"24|1@0+ (1,0) [0|1] """" XXX"
tesla_model3_party,659,0x293,DAS_settings,DAS_fcwEnabled,,前向碰撞预警启用,"34|1@0+ (1,0) [0|1] """" XXX"
tesla_model3_party,659,0x293,DAS_settings,DAS_fcwSensitivity,,"前向碰撞预警灵敏度: 0=早, 1=中, 2=晚, 3=关","37|2@0+ (1,0) [0|63] """" XXX"
tesla_model3_party,659,0x293,DAS_settings,DAS_autosteerEnabled,"1 if Autosteer or FSD is enabled, 0 otherwise","Autosteer/FSD启用: 1=启用, 0=禁用","38|1@0+ (1,0) [0|1] """" XXX"
tesla_model3_party,659,0x293,DAS_settings,DAS_obstacleAwareAcceleration,,障碍物感知加速优化,"42|1@0+ (1,0) [0|1] """" XXX"
tesla_model3_party,659,0x293,DAS_settings,DAS_driverAccelerationMode,,"驾驶加速模式: 0=舒适, 1=标准","44|1@1+ (1,0) [0|127] """" XXX"
tesla_model3_party,659,0x293,DAS_settings,DAS_settingCounter,,DAS_settings 滚动计数器,"52|4@1+ (1,0) [0|15] """" XXX"
tesla_model3_party,659,0x293,DAS_settings,DAS_settingChecksum,,DAS_settings 校验和,"56|8@1+ (1,0) [0|255] """" XXX"
tesla_model3_party,697,0x2B9,DAS_control,DAS_controlChecksum,,DAS_control 校验和,"56|8@1+ (1,0) [0|255] """" aps"
tesla_model3_party,697,0x2B9,DAS_control,DAS_controlCounter,,DAS_control 滚动计数器,"53|3@1+ (1,0) [0|7] """" aps"
tesla_model3_party,697,0x2B9,DAS_control,DAS_accelMax,,"最大加速度(m/s²), 511=SNA","44|9@1+ (0.04,-15) [-15|5.44] ""m/s^2"" aps"
tesla_model3_party,697,0x2B9,DAS_control,DAS_accelMin,,"最小加速度/减速度(m/s²), 511=SNA","35|9@1+ (0.04,-15) [-15|5.44] ""m/s^2"" aps"
tesla_model3_party,697,0x2B9,DAS_control,DAS_jerkMax,,"最大加加速度(m/s³), 255=SNA","27|8@1+ (0.034,0) [0|8.67] ""m/s^3"" aps"
tesla_model3_party,697,0x2B9,DAS_control,DAS_jerkMin,,"最小加加速度(m/s³), 511=SNA","18|9@1+ (0.018,-9.1) [-9.1|0.097999999999999] ""m/s^3"" aps"
tesla_model3_party,697,0x2B9,DAS_control,DAS_aebEvent,,"AEB事件: 0=未激活, 1=激活, 2=故障, 3=SNA","16|2@1+ (1,0) [0|3] """" aps"
tesla_model3_party,697,0x2B9,DAS_control,DAS_accState,,"ACC/APC状态: 0=取消, 1=摄像头盲区取消, 2=雷达盲区取消, 3=保持, 4=开启...","12|4@1+ (1,0) [0|15] """" aps"
tesla_model3_party,697,0x2B9,DAS_control,DAS_setSpeed,,"ACC设定速度(km/h), 4095=SNA","0|12@1+ (0.1,0) [0|409.4] ""kph"" aps"
tesla_model3_party,785,0x311,UI_warning,buckleStatus,,"安全带扣状态: 0=未扣, 1=已扣","13|1@0+ (1,0) [0|1] """" XXX"
tesla_model3_party,785,0x311,UI_warning,scrollWheelPressed,"captures either scroll wheel left, right or down press",滚轮按下(左/右/下方向均触发),"21|1@0+ (1,0) [0|1] """" XXX"
tesla_model3_party,785,0x311,UI_warning,leftBlinkerOn,only describes stalk position if half pressed without auto-cancel blinkers. otherwise acts as expected,"左转向灯开启(半按拨杆不回位时仅描述拨杆位置, 否则功能正常)","22|1@0+ (1,0) [0|1] """" XXX"
tesla_model3_party,785,0x311,UI_warning,rightBlinkerOn,only describes stalk position if half pressed without auto-cancel blinkers. otherwise acts as expected,右转向灯开启(同上),"23|1@0+ (1,0) [0|1] """" XXX"
tesla_model3_party,785,0x311,UI_warning,leftBlinkerBlinking,,"左转向灯闪烁状态: 0=灭, 1=闪灭, 2=闪亮","25|2@0+ (1,0) [0|3] """" XXX"
tesla_model3_party,785,0x311,UI_warning,rightBlinkerBlinking,,"右转向灯闪烁状态: 0=灭, 1=闪灭, 2=闪亮","26|2@1+ (1,0) [0|15] """" XXX"
tesla_model3_party,785,0x311,UI_warning,anyDoorOpen,,"任意车门打开: 0=关, 1=开","28|1@0+ (1,0) [0|1] """" XXX"
tesla_model3_party,785,0x311,UI_warning,wiperSettings,,雨刮设置值,"39|8@0+ (1,0) [0|255] """" XXX"
tesla_model3_party,785,0x311,UI_warning,highBeam,,"远光灯开启: 0=关, 1=开","50|1@0+ (1,0) [0|1] """" XXX"
tesla_model3_party,785,0x311,UI_warning,UI_warningCounter,,UI_warning 计数器,"8|4@1+ (1,0) [0|15] """" XXX"
tesla_model3_party,785,0x311,UI_warning,UI_warningChecksum,,UI_warning 校验和,"0|8@1+ (1,0) [0|255] """" XXX"
tesla_model3_party,880,0x370,EPAS3S_sysStatus,EPAS3S_sysStatusChecksum,,EPAS3S 校验和,"56|8@1+ (1,0) [0|255] """" park"
tesla_model3_party,880,0x370,EPAS3S_sysStatus,EPAS3S_sysStatusCounter,,EPAS3S 滚动计数器,"48|4@1+ (1,0) [0|15] """" gtw"
tesla_model3_party,880,0x370,EPAS3S_sysStatus,EPAS3S_eacStatus,,"EAC(电子主动转向)状态: 0=禁止,1=可用,2=激活,3=故障,4=LKA,5=ELK,7=SNA","55|3@0+ (1,0) [0|7] """" das"
tesla_model3_party,880,0x370,EPAS3S_sysStatus,EPAS3S_internalSAS,,"内部转向角传感器角度(度), -819.2~819","37|14@0+ (0.1,-819.2) [-819.2|819] ""deg"" das"
tesla_model3_party,880,0x370,EPAS3S_sysStatus,EPAS3S_handsOnLevel,,方向盘手握等级: 0~3级(数字越大手握越紧),"39|2@0+ (1,0) [0|3] """" das"
tesla_model3_party,880,0x370,EPAS3S_sysStatus,EPAS3S_torsionBarTorque,,"扭力杆扭矩(Nm), 4094=不可定义, 4095=SNA","19|12@0+ (0.01,-20.5) [-20.5|20.45] ""Nm"" das"
tesla_model3_party,880,0x370,EPAS3S_sysStatus,EPAS3S_eacErrorCode,,"EAC错误码: 0=空闲, 1=速度过低, 2=速度过高, 12=低助力...","23|4@0+ (1,0) [0|15] """" das"
tesla_model3_party,880,0x370,EPAS3S_sysStatus,EPAS3S_steeringRackForce,,"转向齿条力(N), 1022=不在规格, 1023=SNA","1|10@0+ (50,-25575) [-25575|25575] ""N"" gtw"
tesla_model3_party,880,0x370,EPAS3S_sysStatus,EPAS3S_steeringFault,,"转向系统故障: 0=无故障, 1=故障","2|1@0+ (1,0) [0|1] """" das"
tesla_model3_party,880,0x370,EPAS3S_sysStatus,EPAS3S_steeringReduced,,"转向助力降低: 0=正常, 1=降低","3|1@0+ (1,0) [0|1] """" das"
tesla_model3_party,880,0x370,EPAS3S_sysStatus,EPAS3S_internalSASQF,,"内部转向角质量: 0=不准, 1=准确","4|1@0+ (1,0) [0|1] """" gtw"
tesla_model3_party,880,0x370,EPAS3S_sysStatus,EPAS3S_currentTuneMode,,当前转向调校模式(舒适/标准/运动),"7|3@0+ (1,0) [0|5] """" gtw"
tesla_model3_party,905,0x389,DAS_status2,DAS_status2Checksum,,DAS_status2 校验和,"56|8@1+ (1,0) [0|255] """" aps"
tesla_model3_party,905,0x389,DAS_status2,DAS_status2Counter,,DAS_status2 滚动计数器,"52|4@1+ (1,0) [0|15] """" aps"
tesla_model3_party,905,0x389,DAS_status2,DAS_longCollisionWarning,,"远程碰撞预警类型: 0=无, 1=前方未知车辆, 2=行人, 7=切入车辆等","48|4@1+ (1,0) [0|15] """" aps"
tesla_model3_party,905,0x389,DAS_status2,DAS_ppOffsetDesiredRamp,,"期望坡道偏移(m), 128=无偏移","40|8@1+ (0.01,-1.28) [-1.28|1.27] ""m"" aps"
tesla_model3_party,905,0x389,DAS_status2,DAS_driverInteractionLevel,,"驾驶员交互等级: 0=交互中, 1=未交互, 2=持续未交互","38|2@1+ (1,0) [0|2] """" aps"
tesla_model3_party,905,0x389,DAS_status2,DAS_robState,,"后方障碍物检测状态: 0=禁止, 1=测量, 2=激活, 3=无地图","36|2@1+ (1,0) [0|3] """" aps"
tesla_model3_party,905,0x389,DAS_status2,DAS_radarTelemetry,,"雷达遥测: 0=空闲, 1=正常, 2=紧急","34|2@1+ (1,0) [0|2] """" aps"
tesla_model3_party,905,0x389,DAS_status2,DAS_lssState,,"车道辅助状态: 0=故障,1=LDW,2=LKA,3=ELK,4=监控,5=盲区,6=中止,7=关闭","31|3@1+ (1,0) [0|7] """" aps"
tesla_model3_party,905,0x389,DAS_status2,DAS_ACC_report,,ACC目标报告类型(目标车辆/行人/信号灯等),"26|5@1+ (1,0) [0|24] """" aps"
tesla_model3_party,905,0x389,DAS_status2,DAS_pmmCameraFaultReason,,PMM摄像头故障原因,"24|2@1+ (1,0) [0|2] """" aps"
tesla_model3_party,905,0x389,DAS_status2,DAS_pmmSysFaultReason,,PMM系统故障原因,"21|3@1+ (1,0) [0|7] """" aps"
tesla_model3_party,905,0x389,DAS_status2,DAS_pmmRadarFaultReason,,PMM雷达故障原因,"19|2@1+ (1,0) [0|2] """" aps"
tesla_model3_party,905,0x389,DAS_status2,DAS_pmmUltrasonicsFaultReason,,PMM超声波故障原因,"16|3@1+ (1,0) [0|4] """" aps"
tesla_model3_party,905,0x389,DAS_status2,DAS_activationFailureStatus,,变道激活失败状态,"14|2@1+ (1,0) [0|2] """" aps"
tesla_model3_party,905,0x389,DAS_status2,DAS_pmmLoggingRequest,,PMM日志记录请求,"13|1@1+ (1,0) [0|1] """" aps"
tesla_model3_party,905,0x389,DAS_status2,DAS_pmmObstacleSeverity,,"PMM障碍物严重程度: 0=无, 1=后方即将, 2=前方即将, 5=前方碰撞等","10|3@1+ (1,0) [0|7] """" aps"
tesla_model3_party,905,0x389,DAS_status2,DAS_accSpeedLimit,,"ACC速度限制(mph), 0=无限制, 1023=SNA","0|10@1+ (0.4,0) [0|204.6] ""mph"" aps"
tesla_model3_party,923,0x39B,DAS_status,DAS_statusChecksum,,DAS_status 校验和,"56|8@1+ (1,0) [0|255] """" aps"
tesla_model3_party,923,0x39B,DAS_status,DAS_statusCounter,,DAS_status 滚动计数器,"52|4@1+ (1,0) [0|15] """" aps"
tesla_model3_party,923,0x39B,DAS_status,DAS_summonAvailable,,召唤功能是否可用,"51|1@1+ (1,0) [0|1] """" aps"
tesla_model3_party,923,0x39B,DAS_status,DAS_autoLaneChangeState,,自动变道状态: 0=禁用~31=SNA,"46|5@1+ (1,0) [0|31] """" aps"
tesla_model3_party,923,0x39B,DAS_status,DAS_autopilotHandsOnState,,AP手握方向盘状态: 0=不需手握~15=SNA,"42|4@1+ (1,0) [0|15] """" aps"
tesla_model3_party,923,0x39B,DAS_status,DAS_fleetSpeedState,,"车队速度状态: 0=不可用, 1=可用, 2=激活, 3=保持","40|2@1+ (1,0) [0|3] """" aps"
tesla_model3_party,923,0x39B,DAS_status,DAS_laneDepartureWarning,,"车道偏离预警: 0=无, 1=左, 2=右, 3=左严重, 4=右严重","37|3@1+ (1,0) [0|5] """" aps"
tesla_model3_party,923,0x39B,DAS_status,DAS_csaState,,CSA(曲线速度适应)状态,"35|2@1+ (1,0) [0|3] """" aps"
tesla_model3_party,923,0x39B,DAS_status,DAS_sideCollisionInhibit,,"侧向碰撞抑制: 0=不抑制, 1=抑制","34|1@1+ (1,0) [0|1] """" aps"
tesla_model3_party,923,0x39B,DAS_status,DAS_sideCollisionWarning,,"侧向碰撞预警: 0=无, 1=左, 2=右, 3=左右","32|2@1+ (1,0) [0|3] """" aps"
tesla_model3_party,923,0x39B,DAS_status,DAS_sideCollisionAvoid,,"侧向碰撞避让: 0=无, 1=避左, 2=避右, 3=SNA","30|2@1+ (1,0) [0|3] """" aps"
tesla_model3_party,923,0x39B,DAS_status,DAS_summonRvsLeashReached,,召唤后退到达边界,"29|1@1+ (1,0) [0|1] """" aps"
tesla_model3_party,923,0x39B,DAS_status,DAS_summonFwdLeashReached,,召唤前进到达边界,"28|1@1+ (1,0) [0|1] """" aps"
tesla_model3_party,923,0x39B,DAS_status,DAS_autoparkWaitingForBrake,,自动泊车等待驾驶员踩刹车,"26|1@1+ (1,0) [0|1] """" gtw"
tesla_model3_party,923,0x39B,DAS_status,DAS_autoParked,,已完成自动泊车,"25|1@1+ (1,0) [0|1] """" aps"
tesla_model3_party,923,0x39B,DAS_status,DAS_autoparkReady,,"自动泊车就绪: 0=不可用, 1=就绪","24|1@1+ (1,0) [0|1] """" aps"
tesla_model3_party,923,0x39B,DAS_status,DAS_forwardCollisionWarning,,"前向碰撞预警: 0=无, 1=有警告, 3=SNA","22|2@1+ (1,0) [0|3] """" aps"
tesla_model3_party,923,0x39B,DAS_status,DAS_heaterState,,"DAS加热器状态: 0=关/SNA, 1=开","21|1@1+ (1,0) [0|1] """" gtw"
tesla_model3_party,923,0x39B,DAS_status,DAS_visionOnlySpeedLimit,,"纯视觉限速(无地图数据时), 0=未知, 31=无限速","16|5@1+ (5,0) [0|150] ""kph/mph"" aps"
tesla_model3_party,923,0x39B,DAS_status,DAS_summonClearedGate,,召唤已通过闸门,"15|1@1+ (1,0) [0|1] """" aps"
tesla_model3_party,923,0x39B,DAS_status,DAS_summonObstacle,,召唤检测到障碍物,"14|1@1+ (1,0) [0|1] """" aps"
tesla_model3_party,923,0x39B,DAS_status,DAS_suppressSpeedWarning,,"抑制超速警告: 0=不抑制, 1=抑制","13|1@1+ (1,0) [0|1] """" aps"
tesla_model3_party,923,0x39B,DAS_status,DAS_fusedSpeedLimit,,"融合限速(结合地图和视觉), 0=未知, 31=无限速","8|5@1+ (5,0) [0|150] ""kph/mph"" aps"
tesla_model3_party,923,0x39B,DAS_status,DAS_blindSpotRearRight,,"右后盲区监测: 0=无警告, 1=1级, 2=2级, 3=SNA","6|2@1+ (1,0) [0|3] """" aps"
tesla_model3_party,923,0x39B,DAS_status,DAS_blindSpotRearLeft,,"左后盲区监测: 0=无警告, 1=1级, 2=2级, 3=SNA","4|2@1+ (1,0) [0|3] """" aps"
tesla_model3_party,923,0x39B,DAS_status,DAS_autopilotState,,"AP状态: 0=禁用,1=不可用,2=可用,3=正常,4=受限,5=导航,6=FSD,8=中止中,9=已中止,14=故障,15=SNA","0|4@1+ (1,0) [0|15] """" aps"
tesla_model3_party,925,0x39D,IBST_status,IBST_sInputRodDriver,,"制动踏板推杆行程(mm), -5~47mm","21|12@1+ (0.015625,-5) [-5|47] ""mm"" gtw"
tesla_model3_party,925,0x39D,IBST_status,IBST_internalState,,"iBooster内部模式: 0=无, 1=预检, 2=本地刹车, 3=外部刹车, 4=诊断, 5=过渡到空闲, 6=后检","18|3@1+ (1,0) [0|6] """" gtw"
tesla_model3_party,925,0x39D,IBST_status,IBST_driverBrakeApply,,"驾驶员制动状态: 0=未初始化, 1=未制动, 2=制动中, 3=故障","16|2@1+ (1,0) [0|3] """" gtw"
tesla_model3_party,925,0x39D,IBST_status,IBST_iBoosterStatus,,"iBooster状态: 0=关, 1=初始化, 2=故障, 3=诊断, 4=自检, 5=就绪, 6=作动中","12|3@1+ (1,0) [0|6] """" gtw"
tesla_model3_party,925,0x39D,IBST_status,IBST_statusCounter,,IBST 计数器,"8|4@1+ (1,0) [0|15] """" X"
tesla_model3_party,925,0x39D,IBST_status,IBST_statusChecksum,,IBST 校验和,"0|8@1+ (1,0) [0|255] """" X"
tesla_model3_party,969,0x3C9,APS_status,APS_statusCounter,,APS_status 计数器,"22|4@1+ (1,0) [0|15] """" X"
tesla_model3_party,969,0x3C9,APS_status,APS_apbGpioState,,APB GPIO健康状态,"20|2@1+ (1,0) [0|3] """" gtw"
tesla_model3_party,969,0x3C9,APS_status,APS_apbStatusMonitorState,,APB状态监控,"16|3@1+ (1,0) [0|7] """" gtw"
tesla_model3_party,969,0x3C9,APS_status,APS_switchState,,APS开关状态,"15|1@1+ (1,0) [0|1] """" X"
tesla_model3_party,969,0x3C9,APS_status,APS_eacInternalState,,EAC内部状态(初始化/瞬时/持续/自动泊车/禁止等),"12|3@1+ (1,0) [0|7] """" gtw"
tesla_model3_party,969,0x3C9,APS_status,APS_appGpioState,,APP GPIO健康状态,"10|2@1+ (1,0) [0|3] """" gtw"
tesla_model3_party,969,0x3C9,APS_status,APS_canMaster,,"CAN主控: 0=APS, 1=APP, 2=APB, 3=SNA","8|2@1+ (1,0) [0|3] """" gtw"
tesla_model3_party,969,0x3C9,APS_status,APS_vehBehaviorState,,APS车辆行为状态(可用/控制/桥接等),"4|3@1+ (1,0) [0|7] """" gtw"
tesla_model3_party,969,0x3C9,APS_status,APS_appStatusMonitorState,,APP状态监控,"0|3@1+ (1,0) [0|7] """" gtw"
tesla_model3_party,1160,0x488,DAS_steeringControl,DAS_steeringControlChecksum,,DAS_steeringControl 校验和,"24|8@1+ (1,0) [0|255] """" aps"
tesla_model3_party,1160,0x488,DAS_steeringControl,DAS_steeringControlCounter,,DAS_steeringControl 滚动计数器,"16|4@1+ (1,0) [0|15] """" aps"
tesla_model3_party,1160,0x488,DAS_steeringControl,DAS_steeringControlType,,"转向控制类型: 0=无, 1=角度控制, 2=车道保持, 3=紧急车道保持","23|2@0+ (1,0) [0|3] """" aps"
tesla_model3_party,1160,0x488,DAS_steeringControl,DAS_steeringAngleRequest,,"DAS转向角度请求(度), 16384=零位","6|15@0+ (0.1,-1638.35) [-1638.35|1638.35] ""deg"" aps"
tesla_model3_party,1160,0x488,DAS_steeringControl,DAS_steeringHapticRequest,,转向触觉反馈请求,"7|1@0+ (1,0) [0|1] """" aps"
tesla_model3_vehicle,258,0x102,VCLEFT_doorStatus,VCLEFT_mirrorDipped,,"左后视镜自动防眩目: 0=关, 1=开","61|1@1+ (1,0) [0|1] """" X"
tesla_model3_vehicle,258,0x102,VCLEFT_doorStatus,VCLEFT_frontHandlePulledPersist,,左前门外把手持续拉开,"62|1@1+ (1,0) [0|1] """" gtw"
tesla_model3_vehicle,258,0x102,VCLEFT_doorStatus,VCLEFT_mirrorRecallState,,左后视镜记忆调出状态,"55|3@1+ (1,0) [0|5] """" gtw"
tesla_model3_vehicle,258,0x102,VCLEFT_doorStatus,VCLEFT_rearIntSwitchPressed,,左后门内把手按下,"32|1@1+ (1,0) [0|1] """" aps"
tesla_model3_vehicle,258,0x102,VCLEFT_doorStatus,VCLEFT_rearLatchSwitch,,左后门锁开关,"9|1@1+ (1,0) [0|1] """" gtw"
tesla_model3_vehicle,258,0x102,VCLEFT_doorStatus,VCLEFT_rearHandlePWM,,左后门把手PWM(%),"24|7@1+ (1,0) [0|100] ""%"" X"
tesla_model3_vehicle,258,0x102,VCLEFT_doorStatus,VCLEFT_frontLatchSwitch,,左前门锁开关,"8|1@1+ (1,0) [0|1] """" gtw"
tesla_model3_vehicle,258,0x102,VCLEFT_doorStatus,VCLEFT_frontHandlePWM,,左前门把手PWM位置(%),"16|7@1+ (1,0) [0|100] ""%"" X"
tesla_model3_vehicle,258,0x102,VCLEFT_doorStatus,VCLEFT_rearHandlePulled,,左后门把手拉开,"11|1@1+ (1,0) [0|1] """" aps"
tesla_model3_vehicle,258,0x102,VCLEFT_doorStatus,VCLEFT_rearLatchStatus,,左后门锁状态,"4|4@1+ (1,0) [0|8] """" aps"
tesla_model3_vehicle,258,0x102,VCLEFT_doorStatus,VCLEFT_frontHandlePulled,,左前门外把手拉开,"10|1@1+ (1,0) [0|1] """" aps"
tesla_model3_vehicle,258,0x102,VCLEFT_doorStatus,VCLEFT_mirrorTiltXPosition,,左后视镜X轴倾斜电机位置(V),"33|8@1+ (0.02,0) [0|5] ""V"" gtw"
tesla_model3_vehicle,258,0x102,VCLEFT_doorStatus,VCLEFT_mirrorState,,"左后视镜当前动作: 0=空闲, 1=X轴倾斜, 2=Y轴倾斜, 3=折叠/展开, 4=记忆调出","49|3@1+ (1,0) [0|4] """" gtw"
tesla_model3_vehicle,258,0x102,VCLEFT_doorStatus,VCLEFT_frontIntSwitchPressed,,左前门内把手按下,"31|1@1+ (1,0) [0|1] """" aps"
tesla_model3_vehicle,258,0x102,VCLEFT_doorStatus,VCLEFT_rearRelActuatorSwitch,,左后门释放执行器开关,"13|1@1+ (1,0) [0|1] """" gtw"
tesla_model3_vehicle,258,0x102,VCLEFT_doorStatus,VCLEFT_mirrorHeatState,,"左后视镜加热: 0=SNA, 1=开, 2=关, 3=关不可用, 4=故障","58|3@1+ (1,0) [0|4] """" X"
tesla_model3_vehicle,258,0x102,VCLEFT_doorStatus,VCLEFT_frontRelActuatorSwitch,,左前门释放执行器开关,"12|1@1+ (1,0) [0|1] """" gtw"
tesla_model3_vehicle,258,0x102,VCLEFT_doorStatus,VCLEFT_mirrorTiltYPosition,,左后视镜Y轴倾斜电机位置(V),"41|8@1+ (0.02,0) [0|5] ""V"" gtw"
tesla_model3_vehicle,258,0x102,VCLEFT_doorStatus,VCLEFT_frontLatchStatus,,"左前门锁状态: 0=SNA, 1=开, 2=关, 3=关紧中, 4=开锁中, 5=微开, 6=超时, 7=默认, 8=故障","0|4@1+ (1,0) [0|8] """" aps"
tesla_model3_vehicle,258,0x102,VCLEFT_doorStatus,VCLEFT_mirrorFoldState,,"左后视镜折叠状态: 0=未知, 1=折叠, 2=展开, 3=折叠中, 4=展开中","52|3@1+ (1,0) [0|4] """" gtw"
tesla_model3_vehicle,259,0x103,VCRIGHT_doorStatus,VCRIGHT_reservedForBackCompat,,向后兼容保留位,"28|2@1+ (1,0) [0|3] """" X"
tesla_model3_vehicle,259,0x103,VCRIGHT_doorStatus,VCRIGHT_trunkLatchStatus,,尾门锁状态(同上0~8),"56|4@1+ (1,0) [0|8] """" di"
tesla_model3_vehicle,259,0x103,VCRIGHT_doorStatus,VCRIGHT_mirrorFoldState,,右后视镜折叠状态,"52|3@1+ (1,0) [0|4] """" gtw"
tesla_model3_vehicle,259,0x103,VCRIGHT_doorStatus,VCRIGHT_rearLatchStatus,,右后门锁状态,"4|4@1+ (1,0) [0|8] """" aps"
tesla_model3_vehicle,259,0x103,VCRIGHT_doorStatus,VCRIGHT_mirrorTiltYPosition,,右后视镜Y轴倾斜电机位置(V),"41|8@1+ (0.02,0) [0|5] ""V"" gtw"
tesla_model3_vehicle,259,0x103,VCRIGHT_doorStatus,VCRIGHT_frontRelActuatorSwitch,,右前门释放执行器开关,"12|1@1+ (1,0) [0|1] """" gtw"
tesla_model3_vehicle,259,0x103,VCRIGHT_doorStatus,VCRIGHT_mirrorRecallState,,右后视镜记忆调出状态,"60|3@1+ (1,0) [0|5] """" gtw"
tesla_model3_vehicle,259,0x103,VCRIGHT_doorStatus,VCRIGHT_frontIntSwitchPressed,,右前门内把手按下,"31|1@1+ (1,0) [0|1] """" aps"
tesla_model3_vehicle,259,0x103,VCRIGHT_doorStatus,VCRIGHT_mirrorState,,右后视镜当前动作,"49|3@1+ (1,0) [0|4] """" gtw"
tesla_model3_vehicle,259,0x103,VCRIGHT_doorStatus,VCRIGHT_rearRelActuatorSwitch,,右后门释放执行器开关,"13|1@1+ (1,0) [0|1] """" gtw"
tesla_model3_vehicle,259,0x103,VCRIGHT_doorStatus,VCRIGHT_frontHandlePulledPersist,,右前门把手持续拉开,"30|1@1+ (1,0) [0|1] """" gtw"
tesla_model3_vehicle,259,0x103,VCRIGHT_doorStatus,VCRIGHT_mirrorTiltXPosition,,右后视镜X轴倾斜电机位置(V),"33|8@1+ (0.02,0) [0|5] ""V"" gtw"
tesla_model3_vehicle,259,0x103,VCRIGHT_doorStatus,VCRIGHT_mirrorDipped,,右后视镜自动防眩目,"63|1@1+ (1,0) [0|1] """" X"
tesla_model3_vehicle,259,0x103,VCRIGHT_doorStatus,VCRIGHT_frontHandlePulled,,右前门把手拉开,"10|1@1+ (1,0) [0|1] """" aps"
tesla_model3_vehicle,259,0x103,VCRIGHT_doorStatus,VCRIGHT_frontLatchStatus,,右前门锁状态,"0|4@1+ (1,0) [0|8] """" aps"
tesla_model3_vehicle,259,0x103,VCRIGHT_doorStatus,VCRIGHT_rearHandlePulled,,右后门把手拉开,"11|1@1+ (1,0) [0|1] """" aps"
tesla_model3_vehicle,259,0x103,VCRIGHT_doorStatus,VCRIGHT_frontHandlePWM,,右前门把手PWM(%),"14|7@1+ (1,0) [0|100] ""%"" X"
tesla_model3_vehicle,259,0x103,VCRIGHT_doorStatus,VCRIGHT_frontLatchSwitch,,右前门锁开关,"8|1@1+ (1,0) [0|1] """" gtw"
tesla_model3_vehicle,259,0x103,VCRIGHT_doorStatus,VCRIGHT_rearLatchSwitch,,右后门锁开关,"9|1@1+ (1,0) [0|1] """" gtw"
tesla_model3_vehicle,259,0x103,VCRIGHT_doorStatus,VCRIGHT_rearHandlePWM,,右后门把手PWM(%),"21|7@1+ (1,0) [0|100] ""%"" X"
tesla_model3_vehicle,259,0x103,VCRIGHT_doorStatus,VCRIGHT_rearIntSwitchPressed,,右后门内把手按下,"32|1@1+ (1,0) [0|1] """" aps"
tesla_model3_vehicle,280,0x118,DI_systemStatus,DI_epbRequest,,"电子驻车制动请求: 0=无请求, 1=驻车, 2=释放","44|2@1+ (1,0) [0|2] """" epbl"
tesla_model3_vehicle,280,0x118,DI_systemStatus,DI_systemStatusCounter,,DI_systemStatus 滚动计数器(byte 1 nibble),"8|4@1+ (1,0) [0|15] """" X"
tesla_model3_vehicle,280,0x118,DI_systemStatus,DI_proximity,,接近传感器信号,"46|1@1+ (1,0) [0|1] """" bms"
tesla_model3_vehicle,280,0x118,DI_systemStatus,DI_keepAliveRequest,,"保持唤醒请求: 0=无, 1=保持唤醒","47|1@1+ (1,0) [0|1] """" bms"
tesla_model3_vehicle,280,0x118,DI_systemStatus,DI_accelPedalPos,,"加速踏板踩下百分比, 255=SNA","32|8@1+ (0.4,0) [0|100] ""%"" vcfront"
tesla_model3_vehicle,280,0x118,DI_systemStatus,DI_gear,,"档位: 0=无效, 1=P驻车, 2=R倒车, 3=N空档, 4=D前进, 7=SNA","21|3@1+ (1,0) [0|7] """" gtw"
tesla_model3_vehicle,280,0x118,DI_systemStatus,DI_tractionControlMode,,"牵引力控制模式: 0=正常, 1=防滑起步, 2=开发模式1, 3=开发模式2, 4=圆环模式, 5=马力机模式","40|3@1+ (1,0) [0|5] """" X"
tesla_model3_vehicle,280,0x118,DI_systemStatus,DI_trackModeState,,"赛道模式: 0=不可用, 1=可用, 2=开启","48|2@1+ (1,0) [0|2] """" gtw"
tesla_model3_vehicle,280,0x118,DI_systemStatus,DI_regenLight,,"动能回收指示灯: 0=关, 1=亮(回收中)","26|1@1+ (1,0) [0|1] """" vcleft"
tesla_model3_vehicle,280,0x118,DI_systemStatus,DI_systemState,,"驱动系统状态: 0=不可用, 1=空闲, 2=待机, 3=故障, 4=中止, 5=使能","16|3@1+ (1,0) [0|5] """" epbl"
tesla_model3_vehicle,280,0x118,DI_systemStatus,DI_immobilizerState,,防盗锁止系统状态,"27|3@1+ (1,0) [0|6] """" X"
tesla_model3_vehicle,280,0x118,DI_systemStatus,DI_systemStatusChecksum,,DI_systemStatus 校验和(byte 0),"0|8@1+ (1,0) [0|255] """" X"
tesla_model3_vehicle,280,0x118,DI_systemStatus,DI_brakePedalState,,"制动踏板状态: 0=松开, 1=踩下, 2=无效","19|2@1+ (1,0) [0|2] """" vcleft"
tesla_model3_vehicle,297,0x129,SCCM_steeringAngleSensor,SCCM_steeringAngleValidity,,"转角有效性: 0=无效, 1=有效, 2=初始化, 3=SNA","30|2@1+ (1,0) [0|3] """" gtw"
tesla_model3_vehicle,297,0x129,SCCM_steeringAngleSensor,SCCM_supplierID,,转角传感器供应商ID,"12|2@1+ (1,0) [0|3] """" gtw"
tesla_model3_vehicle,297,0x129,SCCM_steeringAngleSensor,SCCM_steeringAngleSensorReservd1,,SCCM_保留位,"46|2@1+ (1,0) [0|3] """" X"
tesla_model3_vehicle,297,0x129,SCCM_steeringAngleSensor,SCCM_steeringAngleCrc,,方向盘转角CRC校验(byte 0),"0|8@1+ (1,0) [0|255] """" gtw"
tesla_model3_vehicle,297,0x129,SCCM_steeringAngleSensor,SCCM_steeringAngleSensorStatus,,"转角传感器状态: 0=OK, 1=初始化, 2=错误, 3=初始化错误","14|2@1+ (1,0) [0|3] """" aps"
tesla_model3_vehicle,297,0x129,SCCM_steeringAngleSensor,SCCM_steeringAngleSpeed,,"方向盘转角速度(度/秒), -4096~4095.5","32|14@1+ (0.5,-4096) [-4096|4095.5] ""deg/s"" das"
tesla_model3_vehicle,297,0x129,SCCM_steeringAngleSensor,SCCM_steeringAngle,,"方向盘转角(度), -819.2~819, 分辨率为0.1度","16|14@1+ (0.1,-819.2) [-819.2|819] ""deg"" aps"
tesla_model3_vehicle,297,0x129,SCCM_steeringAngleSensor,SCCM_steeringAngleSensorReservd2,,SCCM_保留位,"48|8@1+ (1,0) [0|255] """" X"
tesla_model3_vehicle,297,0x129,SCCM_steeringAngleSensor,SCCM_steeringAngleCounter,,方向盘转角计数器(byte 1 nibble),"8|4@1+ (1,0) [0|15] """" gtw"
tesla_model3_vehicle,297,0x129,SCCM_steeringAngleSensor,SCCM_steeringAngleSensorReservd3,,SCCM_保留位,"56|8@1+ (1,0) [0|255] """" X"
tesla_model3_vehicle,553,0x229,SCCM_rightStalk,SCCM_rightStalkCounter,,右拨杆计数器(byte 1 nibble),"8|4@1+ (1,0) [0|15] """" X"
tesla_model3_vehicle,553,0x229,SCCM_rightStalk,SCCM_rightStalkCrc,,右拨杆CRC校验(byte 0),"0|8@1+ (1,0) [0|255] """" X"
tesla_model3_vehicle,553,0x229,SCCM_rightStalk,SCCM_rightStalkReserved1,,SCCM_保留位,"15|1@1+ (1,0) [0|1] """" X"
tesla_model3_vehicle,553,0x229,SCCM_rightStalk,SCCM_parkButtonStatus,,"驻车按钮: 0=未按, 1=按下, 2=初始化","16|2@1+ (1,0) [0|3] """" das"
tesla_model3_vehicle,553,0x229,SCCM_rightStalk,SCCM_rightStalkReserved2,,SCCM_保留位,"18|6@1+ (1,0) [0|63] """" X"
tesla_model3_vehicle,553,0x229,SCCM_rightStalk,SCCM_rightStalkStatus,,右拨杆状态(雨刮/挡位),"12|3@1+ (1,0) [0|6] """" das"
tesla_model3_vehicle,568,0x238,STW_ACTN_RQ,SpdCtrlLvr_Stat,,"速度控制拨杆:0=空闲,1=前推,2=后拉,4=上拨1,8=下拨1,16=上拨2,32=下拨2","0|6@1+ (1,0) [0|0] """" NEO"
tesla_model3_vehicle,568,0x238,STW_ACTN_RQ,VSL_Enbl_Rq,,速度限制启用请求,"6|1@1+ (1,0) [0|0] """" NEO"
tesla_model3_vehicle,568,0x238,STW_ACTN_RQ,SpdCtrlLvrStat_Inv,,速度控制拨杆反向,"7|1@1+ (1,0) [0|0] """" NEO"
tesla_model3_vehicle,568,0x238,STW_ACTN_RQ,DTR_Dist_Rq,,"ACC跟车距离请求(0~200), 255=SNA","8|8@1+ (1,0) [0|200] """" NEO"
tesla_model3_vehicle,568,0x238,STW_ACTN_RQ,TurnIndLvr_Stat,,"转向灯拨杆: 0=空闲, 1=左, 2=右, 3=SNA","16|2@1+ (1,0) [0|0] """" NEO"
tesla_model3_vehicle,568,0x238,STW_ACTN_RQ,HiBmLvr_Stat,,"远光灯拨杆: 0=空闲, 1=远光, 2=闪灯, 3=SNA","18|2@1+ (1,0) [0|0] """" NEO"
tesla_model3_vehicle,568,0x238,STW_ACTN_RQ,WprWashSw_Psd,,"雨刮清洗开关: 0=未按, 1=单次刮, 2=清洗, 3=SNA","20|2@1+ (1,0) [0|0] """" NEO"
tesla_model3_vehicle,568,0x238,STW_ACTN_RQ,WprWash_R_Sw_Posn_V2,,"后雨刮/清洗: 0=关, 1=间隔, 2=清洗, 3=SNA","22|2@1+ (1,0) [0|0] """" NEO"
tesla_model3_vehicle,568,0x238,STW_ACTN_RQ,StW_Lvr_Stat,,"方向盘多功能拨杆: 0=未按, 1=上, 2=下, 3=前, 4=后","24|3@1+ (1,0) [0|0] """" NEO"
tesla_model3_vehicle,568,0x238,STW_ACTN_RQ,StW_Cond_Flt,,方向盘状态故障标志,"27|1@1+ (1,0) [0|0] """" NEO"
tesla_model3_vehicle,568,0x238,STW_ACTN_RQ,StW_Cond_Psd,,"方向盘调节开关: 0=未按, 1=上, 2=下, 3=SNA","28|2@1+ (1,0) [0|0] """" NEO"
tesla_model3_vehicle,568,0x238,STW_ACTN_RQ,HrnSw_Psd,,"喇叭开关: 0=未按, 1=按下, 2=其他, 3=SNA","30|2@1+ (1,0) [0|0] """" NEO"
tesla_model3_vehicle,568,0x238,STW_ACTN_RQ,StW_Sw00_Psd,,"方向盘自定义按钮00按下: 0=未按/SNA, 1=按下","32|1@1+ (1,0) [0|0] """" NEO"
tesla_model3_vehicle,568,0x238,STW_ACTN_RQ,StW_Sw01_Psd,,"方向盘自定义按钮01按下: 0=未按/SNA, 1=按下","33|1@1+ (1,0) [0|0] """" NEO"
tesla_model3_vehicle,568,0x238,STW_ACTN_RQ,StW_Sw02_Psd,,"方向盘自定义按钮02按下: 0=未按/SNA, 1=按下","34|1@1+ (1,0) [0|0] """" NEO"
tesla_model3_vehicle,568,0x238,STW_ACTN_RQ,StW_Sw03_Psd,,"方向盘自定义按钮03按下: 0=未按/SNA, 1=按下","35|1@1+ (1,0) [0|0] """" NEO"
tesla_model3_vehicle,568,0x238,STW_ACTN_RQ,StW_Sw04_Psd,,"方向盘自定义按钮04按下: 0=未按/SNA, 1=按下","36|1@1+ (1,0) [0|0] """" NEO"
tesla_model3_vehicle,568,0x238,STW_ACTN_RQ,StW_Sw05_Psd,,"方向盘自定义按钮05按下: 0=未按/SNA, 1=按下","37|1@1+ (1,0) [0|0] """" NEO"
tesla_model3_vehicle,568,0x238,STW_ACTN_RQ,StW_Sw06_Psd,,"方向盘自定义按钮06按下: 0=未按/SNA, 1=按下","38|1@1+ (1,0) [0|0] """" NEO"
tesla_model3_vehicle,568,0x238,STW_ACTN_RQ,StW_Sw07_Psd,,"方向盘自定义按钮07按下: 0=未按/SNA, 1=按下","39|1@1+ (1,0) [0|0] """" NEO"
tesla_model3_vehicle,568,0x238,STW_ACTN_RQ,StW_Sw08_Psd,,"方向盘自定义按钮08按下: 0=未按/SNA, 1=按下","40|1@1+ (1,0) [0|0] """" NEO"
tesla_model3_vehicle,568,0x238,STW_ACTN_RQ,StW_Sw09_Psd,,"方向盘自定义按钮09按下: 0=未按/SNA, 1=按下","41|1@1+ (1,0) [0|0] """" NEO"
tesla_model3_vehicle,568,0x238,STW_ACTN_RQ,StW_Sw10_Psd,,"方向盘自定义按钮10按下: 0=未按/SNA, 1=按下","42|1@1+ (1,0) [0|0] """" NEO"
tesla_model3_vehicle,568,0x238,STW_ACTN_RQ,StW_Sw11_Psd,,"方向盘自定义按钮11按下: 0=未按/SNA, 1=按下","43|1@1+ (1,0) [0|0] """" NEO"
tesla_model3_vehicle,568,0x238,STW_ACTN_RQ,StW_Sw12_Psd,,"方向盘自定义按钮12按下: 0=未按/SNA, 1=按下","44|1@1+ (1,0) [0|0] """" NEO"
tesla_model3_vehicle,568,0x238,STW_ACTN_RQ,StW_Sw13_Psd,,"方向盘自定义按钮13按下: 0=未按/SNA, 1=按下","45|1@1+ (1,0) [0|0] """" NEO"
tesla_model3_vehicle,568,0x238,STW_ACTN_RQ,StW_Sw14_Psd,,"方向盘自定义按钮14按下: 0=未按/SNA, 1=按下","46|1@1+ (1,0) [0|0] """" NEO"
tesla_model3_vehicle,568,0x238,STW_ACTN_RQ,StW_Sw15_Psd,,"方向盘自定义按钮15按下: 0=未按/SNA, 1=按下","47|1@1+ (1,0) [0|0] """" NEO"
tesla_model3_vehicle,568,0x238,STW_ACTN_RQ,WprSw6Posn,,"雨刮开关6位位置: 0=关, 1-4=间隔, 5-6=档位","48|3@1+ (1,0) [0|0] """" NEO"
tesla_model3_vehicle,568,0x238,STW_ACTN_RQ,MC_STW_ACTN_RQ,,方向盘动作请求计数器,"52|4@1+ (1,0) [0|15] """" NEO"
tesla_model3_vehicle,568,0x238,STW_ACTN_RQ,CRC_STW_ACTN_RQ,,方向盘动作请求CRC校验,"56|8@1+ (1,0) [0|0] """" NEO"
tesla_model3_vehicle,585,0x249,SCCM_leftStalk,SCCM_leftStalkCounter,,左拨杆计数器(byte 1 nibble),"8|4@1+ (1,0) [0|15] """" X"
tesla_model3_vehicle,585,0x249,SCCM_leftStalk,SCCM_washWipeButtonStatus,,"雨刮清洗按钮: 0=未按, 1=1档, 2=2档","14|2@1+ (1,0) [0|3] """" das"
tesla_model3_vehicle,585,0x249,SCCM_leftStalk,SCCM_turnIndicatorStalkStatus,,"转向灯拨杆位置: 0=空闲, 1=上1档, 2=上2档, 3=下1档, 4=下2档, 5=SNA","16|3@1+ (1,0) [0|5] """" das"
tesla_model3_vehicle,585,0x249,SCCM_leftStalk,SCCM_leftStalkCrc,,左拨杆CRC校验(byte 0),"0|8@1+ (1,0) [0|255] """" X"
tesla_model3_vehicle,585,0x249,SCCM_leftStalk,SCCM_leftStalkReserved1,,SCCM_保留位,"19|5@1+ (1,0) [0|31] """" X"
tesla_model3_vehicle,585,0x249,SCCM_leftStalk,SCCM_highBeamStalkStatus,,"远光灯拨杆: 0=空闲, 1=拉(闪), 2=推(常开)","12|2@1+ (1,0) [0|3] """" das"
tesla_model3_vehicle,835,0x343,VCRIGHT_status,VCRIGHT_5AVoltage,,5V电源电压(V),"18|10@1+ (0.005443676098,0) [0|5.56888] ""V"" gtw"
tesla_model3_vehicle,835,0x343,VCRIGHT_status,VCRIGHT_loadShedPriority,,负载卸载优先级,"0|8@1+ (1,0) [0|255] """" X"
tesla_model3_vehicle,835,0x343,VCRIGHT_status,VCRIGHT_rearDefrostState,,"后除霜状态: 0=SNA, 1=开, 2=关, 3=关不可用, 4=故障","11|3@1+ (1,0) [0|4] """" gtw"
tesla_model3_vehicle,835,0x343,VCRIGHT_status,VCRIGHT_vbatProt,,蓄电池保护电压(V),"28|12@1+ (0.005443676098,0) [0|22.29185] ""V"" gtw"
tesla_model3_vehicle,835,0x343,VCRIGHT_status,VCRIGHT_vehiclePowerStateDBG,,"车辆电源状态(调试): 0=关, 1=空调, 2=附件, 3=行驶","8|2@1+ (1,0) [0|3] """" gtw"
tesla_model3_vehicle,835,0x343,VCRIGHT_status,VCRIGHT_swEnStatus,,SW使能状态,"10|1@1+ (1,0) [0|1] """" gtw"
tesla_model3_vehicle,835,0x343,VCRIGHT_status,VCRIGHT_mirrorHeatState,,右后视镜加热状态,"14|3@1+ (1,0) [0|4] """" X"
tesla_model3_vehicle,835,0x343,VCRIGHT_status,VCRIGHT_OTAState,,"OTA更新状态: 0=无, 1=进行中","17|1@1+ (1,0) [0|1] """" gtw"
tesla_model3_vehicle,835,0x343,VCRIGHT_status,VCRIGHT_footwellLightCurrent,,"脚窝灯电流(mA), 有符号","40|12@1- (0.1,0) [-204.8|204.7] ""mA"" X"
tesla_model3_vehicle,835,0x343,VCRIGHT_status,VCRIGHT_pcbaTemperature,,PCBA板温度(°C),"52|11@1+ (0.125,-40) [-40|150] ""degC"" gtw"
tesla_model3_vehicle,962,0x3C2,VCLEFT_switchStatus,VCLEFT_frontBuckleSwitch,,"左前安全带扣开关: 0=SNA, 1=松, 2=扣, 3=故障","48|2@1+ (1,0) [0|3] """" gtw"
tesla_model3_vehicle,962,0x3C2,VCLEFT_switchStatus,VCLEFT_btnWindowSwPackUpLF,,左前窗上升开关,"32|1@1+ (1,0) [0|1] """" gtw"
tesla_model3_vehicle,962,0x3C2,VCLEFT_switchStatus,VCLEFT_frontSeatTrackBack,,前排座椅向后滑动,"8|2@1+ (1,0) [0|3] """" gtw"
tesla_model3_vehicle,962,0x3C2,VCLEFT_switchStatus,VCLEFT_btnWindowSwPackAutoDownLF,,左前窗一键下降,"35|1@1+ (1,0) [0|1] """" gtw"
tesla_model3_vehicle,962,0x3C2,VCLEFT_switchStatus,VCLEFT_btnWindowSwPackDownRR,,右后窗下降开关,"46|1@1+ (1,0) [0|1] """" gtw"
tesla_model3_vehicle,962,0x3C2,VCLEFT_switchStatus,VCLEFT_btnWindowSwPackAutoUpRR,,右后窗一键上升,"45|1@1+ (1,0) [0|1] """" gtw"
tesla_model3_vehicle,962,0x3C2,VCLEFT_switchStatus,VCLEFT_btnWindowSwPackAutoDownRR,,右后窗一键下降,"47|1@1+ (1,0) [0|1] """" gtw"
tesla_model3_vehicle,962,0x3C2,VCLEFT_switchStatus,VCLEFT_rightMirrorTilt,,"右后视镜调节方向: 0=停, 1=下, 2=上, 3=右, 4=左","5|3@1+ (1,0) [0|4] """" vcright"
tesla_model3_vehicle,962,0x3C2,VCLEFT_switchStatus,VCLEFT_btnWindowSwPackUpRR,,右后窗上升开关,"44|1@1+ (1,0) [0|1] """" gtw"
tesla_model3_vehicle,962,0x3C2,VCLEFT_switchStatus,VCLEFT_frontOccupancySwitch,,左前 occupancy(乘员检测)开关,"50|2@1+ (1,0) [0|3] """" gtw"
tesla_model3_vehicle,962,0x3C2,VCLEFT_switchStatus,VCLEFT_swcRightTiltLeft,,方向盘右滚轮向左拨,"8|2@1+ (1,0) [0|3] """" das"
tesla_model3_vehicle,962,0x3C2,VCLEFT_switchStatus,VCLEFT_rearRightOccupancySwitch,,右后 occupancy 开关,"58|2@1+ (1,0) [0|3] """" gtw"
tesla_model3_vehicle,962,0x3C2,VCLEFT_switchStatus,VCLEFT_btnWindowSwPackDownLF,,左前窗下降开关,"34|1@1+ (1,0) [0|1] """" gtw"
tesla_model3_vehicle,962,0x3C2,VCLEFT_switchStatus,VCLEFT_btnWindowSwPackAutoUpLF,,左前窗一键上升,"33|1@1+ (1,0) [0|1] """" gtw"
tesla_model3_vehicle,962,0x3C2,VCLEFT_switchStatus,VCLEFT_swcLeftTiltRight,,方向盘左滚轮向右拨,"3|2@1+ (1,0) [0|3] """" das"
tesla_model3_vehicle,962,0x3C2,VCLEFT_switchStatus,VCLEFT_frontSeatBackrestForward,,靠背向前调节,"22|2@1+ (1,0) [0|3] """" gtw"
tesla_model3_vehicle,962,0x3C2,VCLEFT_switchStatus,VCLEFT_swcRightTiltRight,,方向盘右滚轮向右拨,"10|2@1+ (1,0) [0|3] """" das"
tesla_model3_vehicle,962,0x3C2,VCLEFT_switchStatus,VCLEFT_swcLeftScrollTicks,,方向盘左滚轮滚动计数(-32~31),"16|6@1- (1,0) [-32|31] """" das"
tesla_model3_vehicle,962,0x3C2,VCLEFT_switchStatus,VCLEFT_btnWindowUpLR,,左后窗上升(索引1下),"32|1@1+ (1,0) [0|1] """" gtw"
tesla_model3_vehicle,962,0x3C2,VCLEFT_switchStatus,VCLEFT_btnWindowAutoDownLR,,左后窗一键下降(索引1下),"35|1@1+ (1,0) [0|1] """" gtw"
tesla_model3_vehicle,962,0x3C2,VCLEFT_switchStatus,VCLEFT_btnWindowSwPackDownRF,,右前窗下降开关,"42|1@1+ (1,0) [0|1] """" gtw"
tesla_model3_vehicle,962,0x3C2,VCLEFT_switchStatus,VCLEFT_btnWindowSwPackAutoUpRF,,右前窗一键上升,"41|1@1+ (1,0) [0|1] """" gtw"
tesla_model3_vehicle,962,0x3C2,VCLEFT_switchStatus,VCLEFT_frontSeatLumbarIn,,腰托向内(充气),"28|2@1+ (1,0) [0|3] """" gtw"
tesla_model3_vehicle,962,0x3C2,VCLEFT_switchStatus,VCLEFT_frontSeatLiftUp,,前排座椅升高,"18|2@1+ (1,0) [0|3] """" gtw"
tesla_model3_vehicle,962,0x3C2,VCLEFT_switchStatus,VCLEFT_btnWindowSwPackDownLR,,左后窗下降开关,"38|1@1+ (1,0) [0|1] """" gtw"
tesla_model3_vehicle,962,0x3C2,VCLEFT_switchStatus,VCLEFT_btnWindowSwPackAutoUpLR,,左后窗一键上升,"37|1@1+ (1,0) [0|1] """" gtw"
tesla_model3_vehicle,962,0x3C2,VCLEFT_switchStatus,VCLEFT_frontSeatLumbarDown,,腰托向下,"24|2@1+ (1,0) [0|3] """" gtw"
tesla_model3_vehicle,962,0x3C2,VCLEFT_switchStatus,VCLEFT_driverPresent,,"驾驶员在位检测: 0=不在, 1=在","4|1@1+ (1,0) [0|1] """" das"
tesla_model3_vehicle,962,0x3C2,VCLEFT_switchStatus,VCLEFT_frontSeatTiltDown,,前排坐垫后倾,"12|2@1+ (1,0) [0|3] """" gtw"
tesla_model3_vehicle,962,0x3C2,VCLEFT_switchStatus,VCLEFT_frontSeatTrackForward,,前排座椅向前滑动,"10|2@1+ (1,0) [0|3] """" gtw"
tesla_model3_vehicle,962,0x3C2,VCLEFT_switchStatus,VCLEFT_rearLeftBuckleSwitch,,左后安全带扣开关,"52|2@1+ (1,0) [0|3] """" gtw"
tesla_model3_vehicle,962,0x3C2,VCLEFT_switchStatus,VCLEFT_hazardButtonPressed,,危险警示灯按钮按下,"3|1@1+ (1,0) [0|1] """" gtw"
tesla_model3_vehicle,962,0x3C2,VCLEFT_switchStatus,VCLEFT_swcRightScrollTicks,,方向盘右滚轮滚动计数(-32~31),"24|6@1- (1,0) [-32|31] """" das"
tesla_model3_vehicle,962,0x3C2,VCLEFT_switchStatus,VCLEFT_swcRightPressed,,方向盘右滚轮按下,"12|2@1+ (1,0) [0|3] """" das"
tesla_model3_vehicle,962,0x3C2,VCLEFT_switchStatus,VCLEFT_frontSeatLumbarOut,,腰托向外(放气),"30|2@1+ (1,0) [0|3] """" gtw"
tesla_model3_vehicle,962,0x3C2,VCLEFT_switchStatus,VCLEFT_brakePressed,,制动踏板踩下标志,"60|1@1+ (1,0) [0|1] """" di"
tesla_model3_vehicle,962,0x3C2,VCLEFT_switchStatus,VCLEFT_swcLeftTiltLeft,,方向盘左滚轮向左拨,"14|2@1+ (1,0) [0|3] """" das"
tesla_model3_vehicle,962,0x3C2,VCLEFT_switchStatus,VCLEFT_swcLeftPressed,,方向盘左滚轮按下,"5|2@1+ (1,0) [0|3] """" das"
tesla_model3_vehicle,962,0x3C2,VCLEFT_switchStatus,VCLEFT_btnWindowSwPackUpLR,,左后窗上升开关,"36|1@1+ (1,0) [0|1] """" gtw"
tesla_model3_vehicle,962,0x3C2,VCLEFT_switchStatus,VCLEFT_frontSeatTiltUp,,前排坐垫前倾,"14|2@1+ (1,0) [0|3] """" gtw"
tesla_model3_vehicle,962,0x3C2,VCLEFT_switchStatus,VCLEFT_rearLeftOccupancySwitch,,左后 occupancy 开关,"56|2@1+ (1,0) [0|3] """" gtw"
tesla_model3_vehicle,962,0x3C2,VCLEFT_switchStatus,VCLEFT_frontSeatBackrestBack,,靠背向后调节,"20|2@1+ (1,0) [0|3] """" gtw"
tesla_model3_vehicle,962,0x3C2,VCLEFT_switchStatus,VCLEFT_btnWindowSwPackAutoDownLR,,左后窗一键下降,"39|1@1+ (1,0) [0|1] """" gtw"
tesla_model3_vehicle,962,0x3C2,VCLEFT_switchStatus,VCLEFT_rearCenterOccupancySwitch,,后排中间 occupancy 开关,"54|2@1+ (1,0) [0|3] """" gtw"
tesla_model3_vehicle,962,0x3C2,VCLEFT_switchStatus,VCLEFT_frontSeatLumbarUp,,腰托向上,"26|2@1+ (1,0) [0|3] """" gtw"
tesla_model3_vehicle,962,0x3C2,VCLEFT_switchStatus,VCLEFT_frontSeatLiftDown,,前排座椅降低,"16|2@1+ (1,0) [0|3] """" gtw"
tesla_model3_vehicle,962,0x3C2,VCLEFT_switchStatus,VCLEFT_hornSwitchPressed,,喇叭按钮按下,"2|1@1+ (1,0) [0|1] """" app"
tesla_model3_vehicle,962,0x3C2,VCLEFT_switchStatus,VCLEFT_btnWindowSwPackUpRF,,右前窗上升开关,"40|1@1+ (1,0) [0|1] """" gtw"
tesla_model3_vehicle,962,0x3C2,VCLEFT_switchStatus,VCLEFT_btnWindowAutoUpLR,,左后窗一键上升(索引1下),"33|1@1+ (1,0) [0|1] """" gtw"
tesla_model3_vehicle,962,0x3C2,VCLEFT_switchStatus,VCLEFT_btnWindowSwPackAutoDownRF,,右前窗一键下降,"43|1@1+ (1,0) [0|1] """" gtw"
tesla_model3_vehicle,962,0x3C2,VCLEFT_switchStatus,VCLEFT_switchStatusIndex,,"开关状态MUX索引: 0=索引0, 1=索引1, 2=无效","0|2@1+ (1,0) [0|2] """" X"
tesla_model3_vehicle,962,0x3C2,VCLEFT_switchStatus,VCLEFT_btnWindowDownLR,,左后窗下降(索引1下),"34|1@1+ (1,0) [0|1] """" gtw"
tesla_model3_vehicle,962,0x3C2,VCLEFT_switchStatus,VCLEFT_rearHVACButtonPressed,,VCLEFT_按下,"61|1@1+ (1,0) [0|1] """" gtw"
tesla_model3_vehicle,1001,0x3E9,DAS_bodyControls,DAS_headlightRequest,,"大灯请求: 0=关, 1=开, 3=无效","0|2@1+ (1,0) [0|3] """" aps"
tesla_model3_vehicle,1001,0x3E9,DAS_bodyControls,DAS_hazardLightRequest,,"危险警示灯请求: 0=关, 1=开","2|2@1+ (1,0) [0|3] """" aps"
tesla_model3_vehicle,1001,0x3E9,DAS_bodyControls,DAS_wiperSpeed,,雨刮速度请求(0-15级),"4|4@1+ (1,0) [0|15] """" aps"
tesla_model3_vehicle,1001,0x3E9,DAS_bodyControls,DAS_turnIndicatorRequest,,"转向灯请求: 0=无, 1=左, 2=右, 3=取消","8|2@1+ (1,0) [0|3] """" aps"
tesla_model3_vehicle,1001,0x3E9,DAS_bodyControls,DAS_highLowBeamDecision,,"远近光决策: 0=未决定, 1=近光, 2=远光, 3=SNA","10|2@1+ (1,0) [0|3] """" aps"
tesla_model3_vehicle,1001,0x3E9,DAS_bodyControls,DAS_heaterRequest,,"加热器请求: 0=SNA, 1=关, 2=开","12|2@1+ (1,0) [0|2] """" aps"
tesla_model3_vehicle,1001,0x3E9,DAS_bodyControls,DAS_turnIndicatorRequestReason,,转向灯请求原因(导航变道/自动变道/汇入等),"17|4@1+ (1,0) [0|8] """" aps"
tesla_model3_vehicle,1001,0x3E9,DAS_bodyControls,DAS_autopilotActive,,"AP激活标志: 0=未激活, 1=激活","24|1@1+ (1,0) [0|1] """" XXX"
tesla_model3_vehicle,1001,0x3E9,DAS_bodyControls,DAS_accActive,,"ACC激活标志: 0=未激活, 1=激活","29|1@1+ (1,0) [0|1] """" XXX"
tesla_model3_vehicle,1001,0x3E9,DAS_bodyControls,DAS_bodyControlsCounter,,DAS_bodyControls 滚动计数器,"52|4@1+ (1,0) [0|15] """" aps"
tesla_model3_vehicle,1001,0x3E9,DAS_bodyControls,DAS_bodyControlsChecksum,,DAS_bodyControls 校验和,"56|8@1+ (1,0) [0|255] """" aps"
tesla_model3_vehicle,1013,0x3F5,ID3F5VCFRONT_lighting,VCFRONT_lowBeamsCalibrated,,近光灯已校准标志,"62|1@1+ (1,0) [0|1] """" Receiver"
tesla_model3_vehicle,1013,0x3F5,ID3F5VCFRONT_lighting,VCFRONT_lowBeamsOnForDRL,,近光灯用作日行灯,"61|1@1+ (1,0) [0|1] """" Receiver"
tesla_model3_vehicle,1013,0x3F5,ID3F5VCFRONT_lighting,VCFRONT_simLatchingStalk,,"模拟自锁拨杆: 0=空闲, 1=左, 2=右, 3=SNA","59|2@1+ (1,0) [0|3] """" Receiver"
tesla_model3_vehicle,1013,0x3F5,ID3F5VCFRONT_lighting,VCFRONT_highBeamSwitchActive,,远光灯开关激活,"58|1@1+ (1,0) [0|1] """" Receiver"
tesla_model3_vehicle,1013,0x3F5,ID3F5VCFRONT_lighting,VCFRONT_parkRightStatus,,"右驻车灯: 0=灭, 1=亮, 2=故障, 3=SNA","56|2@1+ (1,0) [0|3] """" Receiver"
tesla_model3_vehicle,1013,0x3F5,ID3F5VCFRONT_lighting,VCFRONT_parkLeftStatus,,"左驻车灯: 0=灭, 1=亮, 2=故障, 3=SNA","54|2@1+ (1,0) [0|3] """" Receiver"
tesla_model3_vehicle,1013,0x3F5,ID3F5VCFRONT_lighting,VCFRONT_turnSignalRightStatus,,"右转向灯状态: 0=灭, 1=亮, 2=故障, 3=SNA","52|2@1+ (1,0) [0|3] """" Receiver"
tesla_model3_vehicle,1013,0x3F5,ID3F5VCFRONT_lighting,VCFRONT_turnSignalLeftStatus,,左转向灯状态,"50|2@1+ (1,0) [0|3] """" Receiver"
tesla_model3_vehicle,1013,0x3F5,ID3F5VCFRONT_lighting,VCFRONT_sideRepeaterRightStatus,,右侧翼子板转向灯状态,"48|2@1+ (1,0) [0|3] """" Receiver"
tesla_model3_vehicle,1013,0x3F5,ID3F5VCFRONT_lighting,VCFRONT_sideRepeaterLeftStatus,,左侧翼子板转向灯状态,"46|2@1+ (1,0) [0|3] """" Receiver"
tesla_model3_vehicle,1013,0x3F5,ID3F5VCFRONT_lighting,VCFRONT_sideMarkersStatus,,侧边示廓灯状态,"44|2@1+ (1,0) [0|3] """" Receiver"
tesla_model3_vehicle,1013,0x3F5,ID3F5VCFRONT_lighting,VCFRONT_fogRightStatus,,右雾灯状态,"42|2@1+ (1,0) [0|3] """" Receiver"
tesla_model3_vehicle,1013,0x3F5,ID3F5VCFRONT_lighting,VCFRONT_fogLeftStatus,,左雾灯状态,"40|2@1+ (1,0) [0|3] """" Receiver"
tesla_model3_vehicle,1013,0x3F5,ID3F5VCFRONT_lighting,VCFRONT_DRLRightStatus,,右日行灯状态,"38|2@1+ (1,0) [0|3] """" Receiver"
tesla_model3_vehicle,1013,0x3F5,ID3F5VCFRONT_lighting,VCFRONT_DRLLeftStatus,,左日行灯状态,"36|2@1+ (1,0) [0|3] """" Receiver"
tesla_model3_vehicle,1013,0x3F5,ID3F5VCFRONT_lighting,VCFRONT_highBeamRightStatus,,右远光灯状态,"34|2@1+ (1,0) [0|3] """" Receiver"
tesla_model3_vehicle,1013,0x3F5,ID3F5VCFRONT_lighting,VCFRONT_highBeamLeftStatus,,左远光灯状态,"32|2@1+ (1,0) [0|3] """" Receiver"
tesla_model3_vehicle,1013,0x3F5,ID3F5VCFRONT_lighting,VCFRONT_lowBeamRightStatus,,右近光灯状态,"30|2@1+ (1,0) [0|3] """" Receiver"
tesla_model3_vehicle,1013,0x3F5,ID3F5VCFRONT_lighting,VCFRONT_lowBeamLeftStatus,,左近光灯状态,"28|2@1+ (1,0) [0|3] """" Receiver"
tesla_model3_vehicle,1013,0x3F5,ID3F5VCFRONT_lighting,VCFRONT_hazardSwitchBacklight,,危险灯开关背光,"27|1@1+ (1,0) [0|1] """" Receiver"
tesla_model3_vehicle,1013,0x3F5,ID3F5VCFRONT_lighting,VCFRONT_seeYouHomeLightingReq,,伴我回家照明请求,"26|1@1+ (1,0) [0|1] """" Receiver"
tesla_model3_vehicle,1013,0x3F5,ID3F5VCFRONT_lighting,VCFRONT_approachLightingRequest,,迎宾照明请求,"25|1@1+ (1,0) [0|1] """" Receiver"
tesla_model3_vehicle,1013,0x3F5,ID3F5VCFRONT_lighting,VCFRONT_courtesyLightingRequest,, courtesy照明请求,"24|1@1+ (1,0) [0|1] """" Receiver"
tesla_model3_vehicle,1013,0x3F5,ID3F5VCFRONT_lighting,VCFRONT_switchLightingBrightness,,"开关照明亮度(%), 255=SNA","16|8@1+ (0.5,0) [0|127] ""%"" Receiver"
tesla_model3_vehicle,1013,0x3F5,ID3F5VCFRONT_lighting,VCFRONT_ambientLightingBrightnes,,"氛围灯亮度(%), 255=SNA","8|8@1+ (0.5,0) [0|127] ""%"" Receiver"
tesla_model3_vehicle,1013,0x3F5,ID3F5VCFRONT_lighting,VCFRONT_hazardLightRequest,,"危险灯请求来源: 0=无, 1=按钮, 2=闭锁, 3=解锁, 4=误锁, 5=碰撞, 6=报警, 7=DAS, 8=诊断","4|4@1+ (1,0) [0|8] """" Receiver"
tesla_model3_vehicle,1013,0x3F5,ID3F5VCFRONT_lighting,VCFRONT_indicatorRightRequest,,"右转向灯请求: 0=关, 1=低有效, 2=高有效","2|2@1+ (1,0) [0|2] """" Receiver"
tesla_model3_vehicle,1013,0x3F5,ID3F5VCFRONT_lighting,VCFRONT_indicatorLeftRequest,,"左转向灯请求: 0=关, 1=低有效, 2=高有效","0|2@1+ (1,0) [0|2] """" Receiver"
